Domain,Status,Attractiveness,Demand,Length,Sectors,Created,Expires,Registrar
one.poker,resell,132,43%,3,"Business,General,Media,Technology",07/07/2024 15:15,07/07/2026 15:15,"Sav.com, LLC - 2"
brief.poker,available,124,19%,5,"Business,Education,General,Law",,,
complete.poker,available,120,21%,8,"Manufacturing,Retail,Technology",,,
second.poker,available,120,23%,6,"General,Mathematics",,,
equal.poker,available,116,19%,5,"Education,General,Law",,,
tenth.poker,available,116,7%,5,Mathematics,,,
flat.poker,available,116,23%,4,"Construction,Real Estate",,,
tonic.poker,available,114,22%,5,"Health and Fitness,Medicine,Science",,,
above.poker,available,112,22%,5,Business,,,
acute.poker,available,112,9%,5,"Mathematics,Medicine,Science",,,
hotshot.poker,available,112,14%,7,"Business,Entertainment,Sports",,,
abstract.poker,available,108,29%,8,"Arts,Humanities,Science",,,
abiding.poker,available,106,5%,7,"General,Religion",,,
active.poker,available,104,27%,6,"Health and Fitness,Sports,Travel",,,
expert.poker,available,104,26%,6,"Business,Education,Technology",,,
teen.poker,available,104,14%,4,"Education,Entertainment,Healthcare",,,
extra.poker,resell,102,26%,5,"Fashion,Retail,Technology",01/12/2024 17:00,01/12/2025 17:00,"Sav.com, LLC - 41"
eight.poker,available,102,23%,5,"General,Mathematics",,,
absent.poker,available,102,8%,6,"Business,Education,Technology",,,
captive.poker,available,102,14%,7,"Entertainment,Hospitality,Technology",,,
remove.poker,available,100,13%,6,"Construction,Manufacturing,Technology",,,
sixth.poker,available,100,8%,5,Mathematics,,,
eighth.poker,available,100,6%,6,Mathematics,,,
whiz.poker,available,100,12%,4,"Business,Education,Technology",,,
crack.poker,available,100,20%,5,Sports,,,
abrupt.poker,available,100,3%,6,"Medicine,Science",,,
ninth.poker,available,100,9%,5,Mathematics,,,
adjunct.poker,available,100,5%,7,Education,,,
third.poker,available,100,15%,5,Mathematics,,,
whizz.poker,available,98,11%,5,"Business,Education,Technology",,,
forgiving.poker,available,96,3%,9,"Healthcare,Religion",,,
doable.poker,available,96,9%,6,"Business,Education,Technology",,,
alamode.poker,available,96,12%,9,Fashion,,,
actual.poker,available,96,22%,6,"Real Estate,Retail,Technology",,,
academic.poker,available,96,20%,8,"Education,Humanities,Science",,,
adequate.poker,available,94,9%,8,"Education,Healthcare,Technology",,,
abject.poker,available,94,7%,6,Humanities,,,
about.poker,available,94,28%,5,"Business,General,Media,Technology",,,
virtuoso.poker,available,94,16%,8,"Arts,Entertainment",,,
around.poker,available,94,22%,6,"Business,General,Media,Technology",,,
nought.poker,available,92,4%,6,Mathematics,,,
twentieth.poker,available,92,3%,9,Mathematics,,,
exemplary.poker,available,92,5%,9,"Business,Education,Healthcare",,,
abroad.poker,available,92,12%,6,"Hospitality,Travel",,,
derelict.poker,available,92,7%,8,"Construction,Real Estate",,,
adjective.poker,available,92,5%,9,Education,,,
neutral.poker,available,92,20%,7,"Business,Media,Politics",,,
adept.poker,available,92,24%,5,"Education,Health and Fitness,Sports",,,
adoring.poker,available,90,2%,7,"Entertainment,Fashion,Retail",,,
gripping.poker,available,90,3%,8,"Entertainment,Media,Technology",,,
additional.poker,available,90,8%,10,"Fashion,Retail,Technology",,,
endearing.poker,available,90,1%,9,"Entertainment,Fashion,Retail",,,
leash.poker,available,90,7%,5,"General,Health and Fitness,Retail",,,
clear.poker,available,90,47%,5,"Manufacturing,Retail,Technology",,,
abortive.poker,available,90,1%,8,"Medicine,Science",,,
riveting.poker,available,90,6%,8,"Entertainment,Media,Technology",,,
addictive.poker,available,90,9%,9,Healthcare,,,
three.poker,available,88,23%,5,Mathematics,,,
wide.poker,available,88,18%,4,"Business,Media,Technology",,,
ace.poker,available,88,34%,3,Sports,,,
twelve.poker,available,88,18%,6,"General,Mathematics",,,
eleven.poker,available,88,32%,6,Mathematics,,,
hundred.poker,available,88,13%,7,Mathematics,,,
proficient.poker,available,88,8%,10,"Education,Health and Fitness,Sports",,,
actionable.poker,available,88,13%,10,"Business,Law",,,
adlib.poker,available,88,7%,6,Entertainment,,,
ten.poker,available,88,27%,3,"General,Mathematics",,,
sixteen.poker,available,88,10%,7,Mathematics,,,
activist.poker,available,88,12%,8,"Humanities,Politics",,,
fifteen.poker,available,88,13%,7,Mathematics,,,
recondite.poker,available,86,4%,9,"Arts,Humanities,Science",,,
xiv.poker,available,86,12%,3,Mathematics,,,
cipher.poker,available,86,29%,6,Mathematics,,,
adolescent.poker,available,86,3%,10,"Education,Entertainment,Healthcare",,,
engrossing.poker,available,86,0%,10,"Entertainment,Media,Technology",,,
aboriginal.poker,available,86,10%,10,Humanities,,,
intent.poker,available,86,25%,6,"Business,Education,Technology",,,
attendant.poker,available,86,5%,9,"Healthcare,Hospitality,Transportation",,,
extempore.poker,available,86,3%,9,Entertainment,,,
xix.poker,available,86,10%,3,Mathematics,,,
accessory.poker,available,84,8%,9,"Fashion,Retail,Technology",,,
deviate.poker,available,84,12%,7,"Medicine,Science",,,
twentyone.poker,available,84,13%,10,Mathematics,,,
adjustable.poker,available,84,3%,10,"Manufacturing,Retail,Technology",,,
thousand.poker,available,84,8%,8,Mathematics,,,
twentytwo.poker,available,84,10%,10,Mathematics,,,
seventeen.poker,available,84,7%,9,Mathematics,,,
acting.poker,available,84,12%,6,Entertainment,,,
thirteen.poker,available,84,10%,8,Mathematics,,,
fourteen.poker,available,84,8%,8,Mathematics,,,
nineteen.poker,available,84,8%,8,Mathematics,,,
abenaki.poker,available,82,2%,7,Geography,,,
dozen.poker,available,82,10%,5,Mathematics,,,
altered.poker,available,82,9%,7,"Medicine,Science",,,
absorbent.poker,available,82,3%,9,"Healthcare,Manufacturing,Retail",,,
fivesome.poker,available,82,1%,8,Sports,,,
enduring.poker,available,82,9%,8,"Health and Fitness,Religion",,,
abroach.poker,available,82,1%,7,Food and Beverage,,,
abdominal.poker,available,82,1%,9,"Health and Fitness,Medicine",,,
decade.poker,available,82,10%,6,Mathematics,,,
cleansing.poker,available,82,3%,9,Health and Fitness,,,
abkhaz.poker,available,82,1%,6,Geography,,,
impromptu.poker,available,82,16%,9,Entertainment,,,
superstar.poker,expired,80,18%,9,Entertainment,12/06/2024 20:48,12/06/2025 20:48,"Sav.com, LLC"
abundant.poker,available,80,19%,8,"Agriculture,Manufacturing,Retail",,,
able.poker,available,80,29%,4,"Business,Education,General,Technology",,,
seventh.poker,available,80,10%,7,Mathematics,,,
dorsal.poker,available,80,6%,6,"Medicine,Science",,,
first.poker,available,80,34%,5,"General,Mathematics",,,
wiz.poker,available,80,30%,3,"Business,Education,Technology",,,
two.poker,available,80,23%,3,Mathematics,,,
nine.poker,resell,80,24%,4,"General,Mathematics",15/07/2025 11:24,15/07/2026 11:24,"NameCheap, Inc."
capable.poker,available,80,12%,7,"Business,Education,Technology",,,
absurd.poker,available,80,16%,6,"Arts,Entertainment,Media",,,
twenty.poker,available,80,12%,6,Mathematics,,,
adoptable.poker,available,80,3%,9,"Education,Healthcare",,,
absorbable.poker,available,80,0%,10,"Healthcare,Pharmaceuticals,Science",,,
some.poker,available,80,32%,4,"Business,Media,Retail",,,
worshipful.poker,available,80,1%,10,"Education,Healthcare,Religion",,,
forty.poker,available,80,9%,5,Mathematics,,,
sequent.poker,available,80,7%,7,"Healthcare,Insurance,Transportation",,,
trio.poker,available,80,21%,4,Entertainment,,,
low.poker,available,78,20%,3,"Business,Finance",,,
abkhasian.poker,available,78,1%,9,Geography,,,
recognized.poker,available,78,3%,10,"Business,Education,Technology",,,
acceptant.poker,available,78,1%,9,"Education,Healthcare",,,
athletic.poker,available,78,15%,8,"Health and Fitness,Sports",,,
sixtynine.poker,available,78,8%,10,Mathematics,,,
adrenal.poker,available,78,4%,7,"Education,Healthcare,Science",,,
abkhazian.poker,available,78,1%,9,Geography,,,
abounding.poker,available,78,2%,9,Agriculture,,,
accurate.poker,available,78,16%,8,"Engineering,Mathematics,Science",,,
accepted.poker,available,78,6%,8,"Business,Education,Technology",,,
adjacent.poker,available,78,9%,8,"Construction,Real Estate,Retail",,,
honestly.poker,available,78,9%,8,"Business,Law",,,
twentysix.poker,available,78,8%,10,Mathematics,,,
accessible.poker,available,78,21%,10,"Healthcare,Retail,Technology",,,
adorable.poker,available,78,8%,8,"Entertainment,Fashion,Retail",,,
dormant.poker,available,78,4%,7,"Medicine,Science",,,
recognised.poker,available,78,3%,10,"Business,Education,Technology",,,
accidental.poker,available,78,11%,10,"Healthcare,Insurance,Transportation",,,
acceptable.poker,available,78,5%,10,"Business,Hospitality,Retail",,,
absorptive.poker,available,78,1%,10,"Healthcare,Manufacturing,Retail",,,
addable.poker,available,76,2%,7,"Engineering,Mathematics,Science",,,
firstrate.poker,available,76,6%,10,Business,,,
fifteenth.poker,available,76,2%,9,Mathematics,,,
adherent.poker,available,76,4%,8,"Politics,Religion",,,
adaptive.poker,available,76,28%,8,"Business,Education,Technology",,,
adhesive.poker,available,76,7%,8,"Construction,Manufacturing,Technology",,,
ancillary.poker,available,76,6%,9,"Healthcare,Manufacturing,Technology",,,
acoustic.poker,available,76,14%,8,Science,,,
eighteen.poker,available,76,7%,8,Mathematics,,,
thousandth.poker,available,76,1%,10,Mathematics,,,
energizing.poker,available,76,3%,10,"Food and Beverage,Health and Fitness,Travel",,,
obscene.poker,available,76,5%,7,"Entertainment,Media",,,
resultant.poker,available,76,2%,9,"Healthcare,Insurance,Transportation",,,
threed.poker,available,76,7%,7,Technology,,,
abrasive.poker,available,76,6%,8,"Construction,Manufacturing",,,
incidental.poker,available,76,4%,10,"Healthcare,Insurance,Transportation",,,
fourteenth.poker,available,76,2%,10,Mathematics,,,
ventral.poker,available,76,3%,7,Science,,,
thirteenth.poker,available,76,3%,10,Mathematics,,,
improvise.poker,available,76,4%,9,Entertainment,,,
adipose.poker,available,76,2%,7,"Healthcare,Science",,,
ague.poker,available,76,2%,4,"Geography,Medicine,Science",,,
auxiliary.poker,available,76,7%,9,"Healthcare,Manufacturing,Technology",,,
hundredth.poker,available,76,1%,9,Mathematics,,,
nineteenth.poker,available,76,3%,10,Mathematics,,,
adaptable.poker,available,76,9%,9,"Business,Education,Technology",,,
adamant.poker,available,74,14%,7,Religion,,,
abnormal.poker,available,74,16%,8,"Medicine,Science",,,
adrenergic.poker,available,74,1%,10,"Education,Healthcare,Science",,,
adenoid.poker,available,74,1%,7,"Health and Fitness,Medicine,Science",,,
achievable.poker,available,74,4%,10,"Business,Education,Technology",,,
accepting.poker,available,74,3%,9,"Education,Healthcare",,,
realizable.poker,available,74,1%,10,"Business,Education,Technology",,,
supra.poker,available,74,25%,5,"Medicine,Science",,,
skilful.poker,available,74,3%,7,"Education,Health and Fitness,Sports",,,
aberrant.poker,available,74,6%,8,"Medicine,Science",,,
mavin.poker,available,74,7%,5,"Entertainment,Fashion,Technology",,,
adapted.poker,available,74,6%,7,"Healthcare,Manufacturing,Technology",,,
manageable.poker,available,74,4%,10,"Business,Education,Technology",,,
sensation.poker,available,74,7%,9,"Entertainment,Media,Sports",,,
activated.poker,available,74,9%,9,"Healthcare,Manufacturing,Technology",,,
broad.poker,available,74,13%,5,"Entertainment,General,Media",,,
admirable.poker,available,74,5%,9,"Business,Education,Healthcare",,,
acuate.poker,available,74,2%,6,"Engineering,Medicine,Science",,,
cleared.poker,available,74,7%,7,"Healthcare,Law,Transportation",,,
single.poker,available,74,19%,6,Sports,,,
absolutist.poker,available,72,1%,10,"Humanities,Law,Politics",,,
adaptative.poker,available,72,1%,10,"Business,Education,Technology",,,
trinity.poker,available,72,18%,7,Religion,,,
aching.poker,available,72,4%,6,Healthcare,,,
adiabatic.poker,available,72,3%,9,"Engineering,Science",,,
adjunctive.poker,available,72,1%,10,"Healthcare,Manufacturing,Technology",,,
ternary.poker,available,72,7%,7,Mathematics,,,
seventieth.poker,available,72,1%,10,Mathematics,,,
lovely.poker,available,72,26%,6,"Entertainment,Fashion,Retail",,,
sixtieth.poker,available,72,1%,8,Mathematics,,,
trey.poker,available,72,13%,4,Sports,,,
absorbed.poker,available,72,2%,8,"Entertainment,Media,Technology",,,
engrossed.poker,available,72,1%,9,"Entertainment,Media,Technology",,,
ninetieth.poker,available,72,1%,9,Mathematics,,,
existent.poker,available,72,3%,8,"Mathematics,Science",,,
ablaze.poker,available,72,6%,6,Entertainment,,,
champion.poker,available,72,28%,8,"Entertainment,Health and Fitness,Sports",,,
addicted.poker,available,72,9%,8,Healthcare,,,
accustomed.poker,available,72,1%,10,"Business,Education,Humanities",,,
improvize.poker,available,72,1%,9,Entertainment,,,
adonic.poker,available,72,2%,6,"Arts,Education,Entertainment",,,
accusative.poker,available,72,0%,10,"Humanities,Law",,,
abreast.poker,available,72,2%,7,"Business,Technology",,,
adjectival.poker,available,72,1%,10,Education,,,
eightieth.poker,available,72,1%,9,Mathematics,,,
abloom.poker,available,72,5%,6,Agriculture,,,
accumbent.poker,available,70,1%,9,"Healthcare,Medicine,Science",,,
consequent.poker,available,70,3%,10,"Business,Education,General,Technology",,,
abradant.poker,available,70,1%,8,"Construction,Manufacturing",,,
miserable.poker,available,70,4%,9,Humanities,,,
offhand.poker,available,70,2%,7,Entertainment,,,
adjusted.poker,available,70,5%,8,"Manufacturing,Retail,Technology",,,
acuminate.poker,available,70,1%,9,"Engineering,Medicine,Science",,,
stillborn.poker,available,70,2%,9,"Medicine,Science",,,
admired.poker,available,70,5%,7,"Business,Education,Healthcare",,,
adamantine.poker,available,70,4%,10,Religion,,,
tiptop.poker,available,70,24%,6,Fashion,,,
absorbing.poker,available,70,3%,9,"Entertainment,Media,Technology",,,
recumbent.poker,available,70,2%,9,"Healthcare,Medicine,Science",,,
skillful.poker,available,70,9%,8,"Education,Health and Fitness,Sports",,,
abulic.poker,available,70,1%,6,Medicine,,,
gymnastic.poker,available,70,3%,9,"Entertainment,Sports",,,
practiced.poker,available,70,3%,9,"Education,Health and Fitness,Sports",,,
lowdown.poker,available,70,6%,8,"Entertainment,Media",,,
adored.poker,available,70,6%,6,"Entertainment,Fashion,Retail",,,
ane.poker,available,68,12%,3,Mathematics,,,
sevener.poker,available,68,1%,7,Mathematics,,,
aberdonian.poker,available,68,1%,10,Geography,,,
foursome.poker,available,68,4%,8,Sports,,,
achaian.poker,available,68,2%,7,Humanities,,,
activating.poker,available,68,3%,10,"Healthcare,Manufacturing,Technology",,,
threesome.poker,available,68,5%,9,Entertainment,,,
ablative.poker,available,68,3%,8,Science,,,
decorated.poker,available,68,3%,9,"Entertainment,Fashion,Retail",,,
accredited.poker,available,68,9%,10,"Business,Education,Healthcare",,,
licensed.poker,available,68,5%,8,"Business,Healthcare,Insurance",,,
ennead.poker,available,68,5%,6,Mathematics,,,
aculeate.poker,available,68,1%,8,"Engineering,Medicine,Science",,,
disciple.poker,available,68,14%,8,"Education,Religion",,,
fortieth.poker,available,68,1%,8,Mathematics,,,
thirtieth.poker,available,68,1%,9,Mathematics,,,
aroused.poker,available,68,3%,7,"Entertainment,Health and Fitness",,,
stygian.poker,available,68,5%,7,Humanities,,,
acerate.poker,available,68,1%,7,Science,,,
septenary.poker,available,68,2%,9,Mathematics,,,
licenced.poker,available,68,2%,8,"Business,Healthcare,Insurance",,,
abnaki.poker,available,68,1%,6,Geography,,,
vindicated.poker,available,68,2%,10,"Humanities,Law,Politics",,,
achaean.poker,available,68,2%,7,Humanities,,,
scurvy.poker,available,68,3%,6,Humanities,,,
octonary.poker,available,68,1%,8,Mathematics,,,
fiftieth.poker,available,68,1%,8,Mathematics,,,
overseas.poker,available,68,12%,8,"Hospitality,Travel",,,
abducent.poker,available,68,0%,8,Medicine,,,
abkhas.poker,available,68,0%,6,Geography,,,
modish.poker,available,66,5%,6,Fashion,,,
eighty.poker,available,66,6%,6,Mathematics,,,
sextet.poker,available,66,2%,6,Entertainment,,,
maven.poker,available,66,30%,5,"Entertainment,Fashion,Technology",,,
xii.poker,available,66,10%,3,Mathematics,,,
deuce.poker,available,66,8%,5,Sports,,,
five.poker,available,66,26%,4,Mathematics,,,
fifty.poker,available,66,13%,5,Mathematics,,,
xvi.poker,available,66,4%,3,Mathematics,,,
xxvi.poker,available,66,3%,4,Mathematics,,,
abstinent.poker,available,66,1%,9,"Health and Fitness,Religion",,,
xxii.poker,available,66,6%,4,Mathematics,,,
accessary.poker,available,66,1%,9,"Business,Law,Technology",,,
acervate.poker,available,66,1%,8,Science,,,
ninety.poker,available,66,11%,6,Mathematics,,,
xvii.poker,available,66,5%,4,Mathematics,,,
adorned.poker,available,66,5%,7,"Entertainment,Fashion,Retail",,,
according.poker,available,66,3%,9,"Business,Education,Technology",,,
century.poker,available,66,17%,7,Education,,,
thirty.poker,available,66,7%,6,Mathematics,,,
tenner.poker,available,66,4%,6,Finance,,,
performing.poker,available,66,6%,10,Entertainment,,,
exonerated.poker,available,66,2%,10,"Humanities,Law,Politics",,,
onec.poker,available,66,6%,5,Mathematics,,,
four.poker,available,66,27%,4,Mathematics,,,
xviii.poker,available,66,4%,5,Mathematics,,,
teenager.poker,available,66,4%,8,"Education,Entertainment,Healthcare",,,
latest.poker,available,66,18%,6,Technology,,,
xxi.poker,available,66,10%,3,Mathematics,,,
adopted.poker,available,66,4%,7,"Education,Healthcare",,,
xiii.poker,available,66,9%,4,Mathematics,,,
clv.poker,available,66,10%,3,Mathematics,,,
buzzing.poker,available,66,7%,7,"Entertainment,Media,Technology",,,
acappella.poker,available,66,6%,10,Entertainment,,,
xxv.poker,available,66,6%,3,Mathematics,,,
acrobatic.poker,available,66,4%,9,"Entertainment,Sports",,,
six.poker,available,66,26%,3,Mathematics,,,
rising.poker,available,64,18%,6,"Construction,Manufacturing,Real Estate",,,
deviant.poker,available,64,12%,7,"Medicine,Science",,,
scatty.poker,available,64,1%,6,"Arts,Entertainment,Media",,,
astringent.poker,available,64,1%,10,"Healthcare,Pharmaceuticals",,,
absolved.poker,available,64,1%,8,"Humanities,Law,Religion",,,
adagio.poker,available,64,14%,6,Entertainment,,,
aflame.poker,available,64,3%,6,Entertainment,,,
nondrinker.poker,available,64,1%,10,"Health and Fitness,Religion",,,
acentric.poker,available,64,2%,8,Science,,,
accordant.poker,available,64,3%,9,"Arts,Entertainment",,,
ensuant.poker,available,62,1%,7,"Healthcare,Insurance,Transportation",,,
eleventh.poker,available,62,5%,8,Mathematics,,,
adoptive.poker,available,62,1%,8,"Education,Healthcare",,,
cumulative.poker,available,62,2%,10,"Banking,Finance,Insurance",,,
troika.poker,available,62,8%,6,Politics,,,
longdozen.poker,available,62,1%,10,Mathematics,,,
acidic.poker,available,62,5%,6,"Food and Beverage,Science",,,
orso.poker,available,62,9%,5,"Business,Media,Technology",,,
admissible.poker,available,62,1%,10,"Education,Healthcare,Law",,,
accrued.poker,available,62,2%,7,"Banking,Finance,Insurance",,,
accusing.poker,available,62,1%,8,Law,,,
pungent.poker,available,62,1%,7,Food and Beverage,,,
roughly.poker,available,62,3%,7,"Business,Media,Technology",,,
abo.poker,available,62,15%,3,Science,,,
exculpated.poker,available,62,1%,10,"Humanities,Law,Politics",,,
quartet.poker,available,62,7%,7,"Arts,Entertainment",,,
twodozen.poker,available,62,1%,9,Mathematics,,,
eighteenth.poker,available,62,1%,10,Mathematics,,,
playacting.poker,available,62,1%,10,Entertainment,,,
nail.poker,available,62,16%,4,"Construction,Fashion,General,Retail",,,
fortyfour.poker,available,62,6%,10,Mathematics,,,
aborigine.poker,available,62,1%,9,Humanities,,,
sixteenth.poker,available,62,1%,9,Mathematics,,,
activation.poker,available,62,16%,10,"Healthcare,Manufacturing,Technology",,,
chiliad.poker,available,62,2%,7,Mathematics,,,
aufait.poker,available,62,3%,7,"Fashion,Media",,,
wrapped.poker,available,62,13%,7,"Fashion,Hospitality,Retail",,,
adjuvant.poker,available,62,5%,8,"Healthcare,Manufacturing,Technology",,,
activistic.poker,available,62,1%,10,"Humanities,Politics",,,
clxx.poker,available,60,2%,4,Mathematics,,,
sixty.poker,available,60,13%,5,Mathematics,,,
abashed.poker,available,60,1%,7,Humanities,,,
idolised.poker,available,60,1%,8,"Entertainment,Fashion,Retail",,,
cxxx.poker,available,60,3%,4,Mathematics,,,
acceptive.poker,available,60,1%,9,"Education,Healthcare",,,
idolized.poker,available,60,3%,8,"Entertainment,Fashion,Retail",,,
annexal.poker,available,60,1%,7,"Agriculture,Manufacturing,Retail",,,
clxxv.poker,available,60,1%,5,Mathematics,,,
xcl.poker,available,60,5%,3,Mathematics,,,
cxl.poker,available,60,7%,3,Mathematics,,,
abstemious.poker,available,60,0%,10,"Food and Beverage,Health and Fitness,Hospitality",,,
clxv.poker,available,60,1%,4,Mathematics,,,
cautionary.poker,available,60,1%,10,"Business,Education,Healthcare",,,
abstainer.poker,available,60,0%,9,"Health and Fitness,Religion",,,
octet.poker,available,60,12%,5,Arts,,,
paunchy.poker,available,60,0%,7,"Health and Fitness,Medicine",,,
aboveboard.poker,available,60,5%,10,"Business,Law",,,
cxv.poker,available,60,4%,3,Mathematics,,,
adnexal.poker,available,60,1%,7,"Agriculture,Manufacturing,Retail",,,
thou.poker,available,60,7%,4,Mathematics,,,
tertiary.poker,available,60,4%,8,Education,,,
cxxv.poker,available,60,1%,4,Mathematics,,,
clx.poker,available,60,8%,3,Mathematics,,,
cxxxv.poker,available,60,1%,5,Mathematics,,,
adnate.poker,available,60,1%,6,"Agriculture,Manufacturing,Retail",,,
eightysix.poker,available,60,7%,10,Mathematics,,,
clxxx.poker,available,60,1%,5,Mathematics,,,
cxlv.poker,available,60,2%,4,Mathematics,,,
cxx.poker,available,60,9%,3,Mathematics,,,
tercet.poker,available,59,2%,6,"Arts,Entertainment,Media",,,
alacarte.poker,available,58,11%,10,Food and Beverage,,,
tetrad.poker,available,58,5%,6,Mathematics,,,
abused.poker,available,58,5%,6,"Healthcare,Law",,,
heptad.poker,available,58,2%,6,Mathematics,,,
linear.poker,available,58,22%,6,"Engineering,Mathematics,Science",,,
sixer.poker,available,58,5%,5,Sports,,,
fourth.poker,available,58,13%,6,Mathematics,,,
abuzz.poker,available,58,5%,5,"Entertainment,Media,Technology",,,
niner.poker,available,58,5%,5,Mathematics,,,
ache.poker,available,58,7%,4,Healthcare,,,
abridged.poker,available,58,4%,8,Media,,,
offhanded.poker,available,58,1%,9,Entertainment,,,
centesimal.poker,available,58,1%,10,Mathematics,,,
cypher.poker,available,58,28%,6,Mathematics,,,
aucourant.poker,available,58,3%,10,"Fashion,Media",,,
adjustive.poker,available,58,1%,9,"Manufacturing,Retail,Technology",,,
adient.poker,available,58,4%,6,"Medicine,Science",,,
justabout.poker,available,58,3%,10,"Business,Media,Technology",,,
seven.poker,expiring,58,35%,5,Mathematics,02/09/2024 11:01,02/09/2025 11:01,"Sav.com, LLC"
lxxx.poker,available,58,2%,4,Mathematics,,,
lxxviii.poker,available,58,1%,7,Mathematics,,,
quintet.poker,available,58,8%,7,"Arts,Entertainment",,,
pentad.poker,available,58,3%,6,Mathematics,,,
eighter.poker,available,58,2%,7,Mathematics,,,
accretive.poker,available,58,6%,9,"Banking,Finance,Insurance",,,
acetic.poker,available,58,1%,6,"Food and Beverage,Science",,,
addible.poker,available,58,2%,7,"Engineering,Mathematics,Science",,,
fourscore.poker,available,58,4%,9,Mathematics,,,
enwrapped.poker,available,58,0%,9,"Entertainment,Fashion,Media",,,
octad.poker,available,58,5%,5,Mathematics,,,
sixtyone.poker,available,58,5%,9,Mathematics,,,
seventy.poker,available,58,7%,7,Mathematics,,,
accoutred.poker,available,58,1%,9,"Fashion,Manufacturing,Retail",,,
abandoned.poker,available,58,10%,9,"Construction,Real Estate",,,
acyclic.poker,available,58,4%,7,"Engineering,Mathematics,Science",,,
hexad.poker,available,58,5%,5,Mathematics,,,
addressed.poker,available,58,3%,9,"Business,Technology,Telecommunications",,,
twelfth.poker,available,58,2%,7,Mathematics,,,
sextuplet.poker,available,58,1%,9,Healthcare,,,
accented.poker,available,58,3%,8,"Arts,Entertainment",,,
fifth.poker,available,58,12%,5,Mathematics,,,
closeto.poker,available,58,3%,8,"Business,Media,Technology",,,
actuarial.poker,available,58,8%,9,"Finance,Insurance,Mathematics",,,
admissive.poker,available,56,1%,9,"Education,Healthcare,Hospitality",,,
xxix.poker,available,56,4%,4,Mathematics,,,
fortytwo.poker,available,56,17%,9,Mathematics,,,
liii.poker,available,56,4%,4,Mathematics,,,
accoutered.poker,available,56,0%,10,"Fashion,Manufacturing,Retail",,,
fiftyfive.poker,available,56,8%,10,Mathematics,,,
fiftynine.poker,available,56,4%,10,Mathematics,,,
fiftyfour.poker,available,56,4%,10,Mathematics,,,
thirtyone.poker,available,56,4%,10,Mathematics,,,
fortyone.poker,available,56,5%,9,Mathematics,,,
xxxii.poker,available,56,1%,5,Mathematics,,,
xxviii.poker,available,56,1%,6,Mathematics,,,
xxxiv.poker,available,56,1%,5,Mathematics,,,
fiftytwo.poker,available,56,6%,9,Mathematics,,,
lvii.poker,available,56,2%,4,Mathematics,,,
xliv.poker,available,56,3%,4,Mathematics,,,
fiftyone.poker,available,56,8%,9,Mathematics,,,
addled.poker,available,56,2%,6,Entertainment,,,
abeyant.poker,available,56,1%,7,"Business,Law",,,
fiftysix.poker,available,56,4%,9,Mathematics,,,
aone.poker,available,56,15%,5,Food and Beverage,,,
maledict.poker,available,56,1%,8,Religion,,,
xxiv.poker,available,56,5%,4,Mathematics,,,
xlvi.poker,available,56,3%,4,Mathematics,,,
xxxvii.poker,available,56,2%,6,Mathematics,,,
xxvii.poker,available,56,3%,5,Mathematics,,,
thirtysix.poker,available,56,5%,10,Mathematics,,,
xlv.poker,available,56,6%,3,Mathematics,,,
fortynine.poker,available,56,3%,10,Mathematics,,,
xli.poker,available,56,5%,3,Mathematics,,,
xxxi.poker,available,56,8%,4,Mathematics,,,
potbellied.poker,available,56,0%,10,"Health and Fitness,Medicine",,,
lii.poker,available,56,7%,3,Mathematics,,,
admittible.poker,available,56,1%,10,"Education,Healthcare,Hospitality",,,
xliii.poker,available,56,1%,5,Mathematics,,,
xxxviii.poker,available,56,1%,7,Mathematics,,,
lviii.poker,available,56,1%,5,Mathematics,,,
xlviii.poker,available,56,1%,6,Mathematics,,,
halfdozen.poker,available,56,1%,10,Mathematics,,,
xxxv.poker,available,56,4%,4,Mathematics,,,
xlii.poker,available,56,5%,4,Mathematics,,,
terzetto.poker,available,56,3%,8,Arts,,,
appressed.poker,available,56,0%,9,"Agriculture,Manufacturing,Retail",,,
xxxvi.poker,available,56,1%,5,Mathematics,,,
ilx.poker,available,56,6%,3,Mathematics,,,
admittable.poker,available,56,1%,10,"Education,Healthcare,Hospitality",,,
xxxiii.poker,available,56,2%,6,Mathematics,,,
fortysix.poker,available,56,4%,9,Mathematics,,,
xlvii.poker,available,56,2%,5,Mathematics,,,
abdominous.poker,available,56,0%,10,"Health and Fitness,Medicine",,,
triad.poker,available,56,15%,5,Arts,,,
lvi.poker,available,56,8%,3,Mathematics,,,
thirtytwo.poker,available,56,4%,10,Mathematics,,,
xxiii.poker,available,56,4%,5,Mathematics,,,
threescore.poker,available,54,2%,10,Mathematics,,,
monitory.poker,available,54,3%,8,"Business,Education,Healthcare",,,
quadruplet.poker,available,54,1%,10,"Healthcare,Medicine,Science",,,
achy.poker,available,54,3%,4,Healthcare,,,
admonitory.poker,available,54,0%,10,"Business,Education,Healthcare",,,
abhorrent.poker,available,54,1%,9,Humanities,,,
achromatic.poker,available,54,4%,10,Science,,,
adducent.poker,available,54,1%,8,"Engineering,Mathematics,Science",,,
deserted.poker,available,54,3%,8,"Hospitality,Real Estate",,,
viii.poker,available,54,6%,4,Mathematics,,,
iii.poker,available,54,24%,3,Mathematics,,,
adpressed.poker,available,54,0%,9,"Agriculture,Manufacturing,Retail",,,
quaternity.poker,available,54,4%,10,Mathematics,,,
abatable.poker,available,54,1%,8,Law,,,
fortyfive.poker,available,54,5%,10,Mathematics,,,
topnotch.poker,available,54,18%,8,Business,,,
fin.poker,available,54,30%,3,Finance,,,
scratchy.poker,available,54,3%,8,Fashion,,,
ternion.poker,available,54,3%,7,Mathematics,,,
adductive.poker,available,54,0%,9,"Engineering,Mathematics,Science",,,
acoustical.poker,available,54,4%,10,Science,,,
abasic.poker,available,54,1%,6,Science,,,
quatern.poker,available,54,2%,7,Mathematics,,,
abatic.poker,available,54,1%,6,Science,,,
accursed.poker,available,54,3%,8,"Entertainment,Media,Religion",,,
adaxial.poker,available,54,2%,7,Science,,,
abient.poker,available,54,1%,6,Science,,,
accentual.poker,available,54,3%,9,"Arts,Entertainment",,,
actuated.poker,available,54,2%,8,"Automotive,Manufacturing,Technology",,,
abducens.poker,available,54,1%,8,Medicine,,,
adducting.poker,available,54,1%,9,"Engineering,Mathematics,Science",,,
twoscore.poker,available,54,2%,8,Mathematics,,,
vii.poker,available,54,13%,3,Mathematics,,,
quaternion.poker,available,54,6%,10,Mathematics,,,
aboral.poker,available,54,2%,6,Science,,,
unnatural.poker,available,54,4%,9,"Medicine,Science",,,
abaxial.poker,available,54,1%,7,Science,,,
deuceace.poker,available,54,1%,9,Sports,,,
adjuratory.poker,available,54,0%,10,"Law,Politics,Religion",,,
sise.poker,available,54,5%,4,Mathematics,,,
quintuplet.poker,available,54,1%,10,"Healthcare,Medicine,Science",,,
sestet.poker,available,53,1%,6,Arts,,,
xxx.poker,resell,53,30%,3,"Arts,Entertainment,Media",06/08/2025 19:56,06/08/2026 19:56,Porkbun LLC
septet.poker,available,53,1%,6,General,,,
xci.poker,available,52,4%,3,Mathematics,,,
xcviii.poker,available,52,1%,6,Mathematics,,,
lxiii.poker,available,52,2%,5,Mathematics,,,
lxiv.poker,available,52,3%,4,Mathematics,,,
lxxiv.poker,available,52,1%,5,Mathematics,,,
detestable.poker,available,52,1%,10,Humanities,,,
lxxxi.poker,available,52,1%,5,Mathematics,,,
ixc.poker,available,52,5%,3,Mathematics,,,
uphill.poker,available,52,7%,6,"Sports,Transportation,Travel",,,
odious.poker,available,52,2%,6,"Entertainment,Humanities",,,
lxxii.poker,available,52,1%,5,Mathematics,,,
xciii.poker,available,52,1%,5,Mathematics,,,
abominable.poker,available,52,2%,10,"Entertainment,Humanities",,,
lxxxvi.poker,available,52,1%,6,Mathematics,,,
sixtyfour.poker,available,52,4%,10,Mathematics,,,
repulsive.poker,available,52,1%,9,Humanities,,,
aboulic.poker,available,52,1%,7,Medicine,,,
lxii.poker,available,52,2%,4,Mathematics,,,
xcvi.poker,available,52,2%,4,Mathematics,,,
lxxxiii.poker,available,52,1%,7,Mathematics,,,
ablated.poker,available,52,1%,7,Science,,,
ninetytwo.poker,available,52,4%,10,Mathematics,,,
chagrined.poker,available,52,1%,9,Humanities,,,
decumbent.poker,available,52,1%,9,"Healthcare,Medicine,Science",,,
lxxiii.poker,available,52,2%,6,Mathematics,,,
xcii.poker,available,52,2%,4,Mathematics,,,
ixl.poker,available,52,9%,3,Mathematics,,,
sixtysix.poker,available,52,5%,9,Mathematics,,,
lxviii.poker,available,52,2%,6,Mathematics,,,
abstruse.poker,available,52,5%,8,"Humanities,Mathematics,Science",,,
lxxxiv.poker,available,52,1%,6,Mathematics,,,
lxxvi.poker,available,52,1%,5,Mathematics,,,
eightyone.poker,available,52,3%,10,Mathematics,,,
abusive.poker,available,52,3%,7,"Healthcare,Law",,,
tierce.poker,available,52,3%,6,General,,,
lxxxvii.poker,available,52,1%,7,Mathematics,,,
lxxv.poker,available,52,2%,4,Mathematics,,,
xcvii.poker,available,52,1%,5,Mathematics,,,
lxvi.poker,available,52,3%,4,Mathematics,,,
lxxxv.poker,available,52,1%,5,Mathematics,,,
xcv.poker,available,52,7%,3,Mathematics,,,
lxvii.poker,available,52,1%,5,Mathematics,,,
abysmal.poker,available,52,4%,7,"Arts,Entertainment,Media",,,
sixtyfive.poker,available,52,3%,10,Mathematics,,,
adenoidal.poker,available,52,1%,9,"Health and Fitness,Medicine,Science",,,
lxxvii.poker,available,52,2%,6,Mathematics,,,
lxi.poker,available,52,5%,3,Mathematics,,,
lxv.poker,available,52,5%,3,Mathematics,,,
littlejoe.poker,available,52,2%,10,"Entertainment,Media",,,
ninetysix.poker,available,52,4%,10,Mathematics,,,
sixtytwo.poker,available,52,3%,9,Mathematics,,,
repugnant.poker,available,52,1%,9,Humanities,,,
ninetyone.poker,available,52,5%,10,Mathematics,,,
eightytwo.poker,available,52,4%,10,Mathematics,,,
xciv.poker,available,52,2%,4,Mathematics,,,
lxxi.poker,available,52,2%,4,Mathematics,,,
lxxxii.poker,available,52,1%,6,Mathematics,,,
aborticide.poker,available,50,0%,10,Medicine,,,
acquitted.poker,available,50,1%,9,Law,,,
broached.poker,available,50,0%,8,Food and Beverage,,,
cinque.poker,available,50,7%,6,Mathematics,,,
acerbic.poker,available,50,2%,7,"Arts,Humanities,Media",,,
acellular.poker,available,50,1%,9,Science,,,
scummy.poker,available,50,1%,6,Humanities,,,
ogdoad.poker,available,50,1%,6,Mathematics,,,
trine.poker,available,50,11%,5,"General,Religion",,,
abbatial.poker,available,50,0%,8,Religion,,,
acapnic.poker,available,50,0%,7,"Healthcare,Medicine,Science",,,
acerose.poker,available,50,1%,7,Science,,,
aculeated.poker,available,50,0%,9,"Engineering,Medicine,Science",,,
quint.poker,available,50,13%,5,"Arts,Entertainment",,,
gillless.poker,available,50,0%,9,Science,,,
vinegary.poker,available,50,1%,8,Food and Beverage,,,
acaudal.poker,available,50,1%,7,"Agriculture,Science",,,
abactinal.poker,available,50,0%,9,Science,,,
abranchial.poker,available,50,0%,10,Science,,,
abdicable.poker,available,50,0%,9,Law,,,
acetose.poker,available,50,1%,7,Science,,,
adactylous.poker,available,50,0%,10,Science,,,
spinous.poker,available,50,1%,7,"Agriculture,Science",,,
triplet.poker,available,50,8%,7,Science,,,
acapnotic.poker,available,50,0%,9,"Healthcare,Medicine,Science",,,
adhominem.poker,available,50,2%,10,"Humanities,Law,Politics",,,
needlelike.poker,available,50,0%,10,"Engineering,Medicine,Science",,,
abducting.poker,available,50,0%,9,Medicine,,,
lxx.poker,available,50,5%,3,Mathematics,,,
acerb.poker,available,50,2%,5,Science,,,
acetous.poker,available,50,1%,7,Science,,,
abomasal.poker,available,50,0%,8,Agriculture,,,
apriori.poker,available,48,13%,8,Mathematics,,,
abstracted.poker,available,48,5%,10,"Arts,Humanities,Science",,,
notguilty.poker,available,48,5%,10,Law,,,
abyssal.poker,available,48,12%,7,"Arts,Entertainment,Media",,,
lxxxviii.poker,available,48,1%,8,Mathematics,,,
execrable.poker,available,48,0%,9,"Entertainment,Humanities",,,
ilxxx.poker,available,48,1%,5,Mathematics,,,
ilxx.poker,available,48,1%,4,Mathematics,,,
theabsurd.poker,available,46,1%,10,"Arts,Entertainment,Media",,,
acarpous.poker,available,46,0%,8,"Agriculture,Science",,,
acetylic.poker,available,46,1%,8,Science,,,
acetylenic.poker,available,46,1%,10,Science,,,
acetabular.poker,available,46,1%,10,Science,,,
acetonic.poker,available,46,1%,8,Science,,,
acarpelous.poker,available,46,0%,10,"Agriculture,Science",,,
achenial.poker,available,46,1%,8,Science,,,
acanthous.poker,available,46,0%,9,"Agriculture,Science",,,
acephalous.poker,available,46,1%,10,Science,,,
achromous.poker,available,46,1%,9,Science,,,
acaudate.poker,available,46,1%,8,"Agriculture,Science",,,
acheronian.poker,available,46,1%,10,Humanities,,,
achromic.poker,available,46,2%,8,Science,,,
acapnial.poker,available,46,0%,8,"Healthcare,Medicine,Science",,,
acicular.poker,available,46,2%,8,Science,,,
cotyloid.poker,available,46,1%,8,Science,,,
acanthoid.poker,available,46,1%,9,"Agriculture,Science",,,
acanthotic.poker,available,46,0%,10,"Agriculture,Science",,,
quaternary.poker,available,46,3%,10,Mathematics,,,
stemless.poker,available,46,2%,8,"Agriculture,Science",,,
vinegarish.poker,available,46,1%,10,Food and Beverage,,,
stripling.poker,available,46,2%,9,"Education,Entertainment,Healthcare",,,
cotyloidal.poker,available,44,1%,10,Science,,,
acherontic.poker,available,44,1%,10,Humanities,,,
accusatory.poker,available,44,1%,10,Law,,,
phoebe.poker,available,41,14%,6,Science,,,
abscessed.poker,available,41,0%,9,Healthcare,,,
accurst.poker,available,40,1%,7,Religion,,,
scurrilous.poker,available,40,1%,10,"Entertainment,Media,Politics",,,
accusive.poker,available,40,1%,8,Law,,,